"Mês/ano de competência";"Cap 10";"Total"
"Jan/2008";1038893,42;1038893,42
"Fev/2008";2557701,43;2557701,43
"Mar/2008";3050171,10;3050171,10
"Abr/2008";4378555,04;4378555,04
"Mai/2008";5793167,58;5793167,58
"Jun/2008";5885457,92;5885457,92
"Jul/2008";5421770,79;5421770,79
"Ago/2008";5682606,88;5682606,88
"Set/2008";5004546,97;5004546,97
"Out/2008";5176932,07;5176932,07
"Nov/2008";3960087,77;3960087,77
"Dez/2008";4953275,68;4953275,68
"Jan/2009";3399778,46;3399778,46
"Fev/2009";3787996,48;3787996,48
"Mar/2009";4711080,85;4711080,85
"Abr/2009";5035008,12;5035008,12
"Mai/2009";6116632,11;6116632,11
"Jun/2009";6102111,31;6102111,31
"Jul/2009";5783166,52;5783166,52
"Ago/2009";6230116,42;6230116,42
"Set/2009";6711519,25;6711519,25
"Out/2009";6201500,49;6201500,49
"Nov/2009";6161209,77;6161209,77
"Dez/2009";4718877,11;4718877,11
"Jan/2010";4636137,05;4636137,05
"Fev/2010";4306438,30;4306438,30
"Mar/2010";6330093,72;6330093,72
"Abr/2010";6606544,67;6606544,67
"Mai/2010";6210257,97;6210257,97
"Jun/2010";6379018,44;6379018,44
"Jul/2010";6317391,18;6317391,18
"Ago/2010";6327516,87;6327516,87
"Set/2010";6804843,46;6804843,46
"Out/2010";5735868,23;5735868,23
"Nov/2010";7040796,17;7040796,17
"Dez/2010";6250723,51;6250723,51
"Jan/2011";5255889,06;5255889,06
"Fev/2011";5824826,53;5824826,53
"Mar/2011";6562054,88;6562054,88
"Abr/2011";6978556,22;6978556,22
"Mai/2011";6712351,16;6712351,16
"Jun/2011";5495548,43;5495548,43
"Jul/2011";6270143,81;6270143,81
"Ago/2011";5823558,09;5823558,09
"Set/2011";6618323,86;6618323,86
"Out/2011";5885378,19;5885378,19
"Nov/2011";6162874,54;6162874,54
"Dez/2011";5877226,97;5877226,97
"Jan/2012";4674759,29;4674759,29
"Fev/2012";5313380,52;5313380,52
"Mar/2012";5555269,57;5555269,57
"Abr/2012";6305925,22;6305925,22
"Mai/2012";6701102,62;6701102,62
"Jun/2012";6481093,18;6481093,18
"Jul/2012";6521690,89;6521690,89
"Ago/2012";7074569,14;7074569,14
"Set/2012";6121156,89;6121156,89
"Out/2012";6152807,41;6152807,41
"Nov/2012";5739691,04;5739691,04
"Dez/2012";4492363,34;4492363,34
"Jan/2013";5452083,03;5452083,03
"Fev/2013";4394129,86;4394129,86
"Mar/2013";4925947,92;4925947,92
"Abr/2013";7042329,41;7042329,41
"Mai/2013";7168141,40;7168141,40
"Jun/2013";6696503,60;6696503,60
"Jul/2013";7087695,95;7087695,95
"Ago/2013";7111149,28;7111149,28
"Set/2013(Obs:Mud.Comp.(01 a 31)Período de 40 dias)";6563158,69;6563158,69
"Out/2013";6031530,53;6031530,53
"Nov/2013";5619100,71;5619100,71
"Dez/2013";4671490,37;4671490,37
"Jan/2014";5250818,89;5250818,89
"Fev/2014";4306679,73;4306679,73
"Mar/2014";5148763,73;5148763,73
"Abr/2014";6164155,81;6164155,81
"Mai/2014";7019762,00;7019762,00
"Jun/2014";6670168,45;6670168,45
"Jul/2014";6531651,94;6531651,94
"Ago/2014";5876066,56;5876066,56
"Set/2014";6387034,62;6387034,62
"Out/2014";5683754,57;5683754,57
"Nov/2014";5707292,62;5707292,62
"Dez/2014";5215750,70;5215750,70
"Jan/2015";4957400,60;4957400,60
"Fev/2015";4453453,43;4453453,43
"Mar/2015";5744337,13;5744337,13
"Abr/2015";5912478,37;5912478,37
"Mai/2015";6593390,12;6593390,12
"Jun/2015";6332300,58;6332300,58
"Jul/2015";6344915,08;6344915,08
"Ago/2015";6198306,93;6198306,93
"Set/2015";5447045,70;5447045,70
"Out/2015";4966265,30;4966265,30
"Nov/2015";4579738,86;4579738,86
"Dez/2015";4466114,22;4466114,22
"Jan/2016";4391577,59;4391577,59
"Fev/2016";3973965,35;3973965,35
"Mar/2016";5443442,55;5443442,55
"Abr/2016";6529642,53;6529642,53
"Mai/2016";6685749,02;6685749,02
"Jun/2016";6087528,53;6087528,53
"Jul/2016";7506348,20;7506348,20
"Ago/2016";6823982,03;6823982,03
"Set/2016";5904939,56;5904939,56
"Out/2016";5399122,88;5399122,88
"Nov/2016";5912513,25;5912513,25
"Dez/2016";5372336,70;5372336,70
"Jan/2017";5256057,70;5256057,70
"Fev/2017";3788038,21;3788038,21
"Mar/2017";6723728,48;6723728,48
"Abr/2017";5580131,57;5580131,57
"Mai/2017";6633299,96;6633299,96
"Jun/2017";5584842,27;5584842,27
"Jul/2017";6273217,13;6273217,13
"Ago/2017";6168684,17;6168684,17
"Set/2017";5546019,92;5546019,92
"Out/2017";5434889,89;5434889,89
"Nov/2017";5608131,80;5608131,80
"Dez/2017";4414916,20;4414916,20
"Jan/2018";4774269,83;4774269,83
"Fev/2018";4513475,39;4513475,39
"Mar/2018";5076047,02;5076047,02
"Abr/2018";5437917,43;5437917,43
"Mai/2018";6081186,15;6081186,15
"Jun/2018";6876757,47;6876757,47
"Jul/2018";6005711,84;6005711,84
"Ago/2018";5682544,27;5682544,27
"Set/2018";5603770,02;5603770,02
"Out/2018";5668918,06;5668918,06
"Nov/2018";5732819,59;5732819,59
"Dez/2018";4921431,43;4921431,43
"Jan/2019";5092534,23;5092534,23
"Fev/2019";4445883,90;4445883,90
"Mar/2019";4964799,05;4964799,05
"Abr/2019";6117800,70;6117800,70
"Mai/2019";6310399,41;6310399,41
"Jun/2019";6079114,50;6079114,50
"Jul/2019";6133686,77;6133686,77
"Ago/2019";5659282,58;5659282,58
"Set/2019";5547324,37;5547324,37
"Out/2019";6303128,04;6303128,04
"Nov/2019";5663669,86;5663669,86
"Dez/2019";5662763,26;5662763,26
"Jan/2020";5516317,96;5516317,96
"Fev/2020";4469170,58;4469170,58
"Mar/2020";6330521,29;6330521,29
"Abr/2020";5828247,91;5828247,91
"Mai/2020";6294050,38;6294050,38
"Jun/2020";7545347,02;7545347,02
"Jul/2020";6357083,32;6357083,32
"Ago/2020";6948328,08;6948328,08
"Set/2020";6245396,31;6245396,31
"Out/2020";4827538,15;4827538,15
"Nov/2020";4516346,25;4516346,25
"Dez/2020";3714655,73;3714655,73
"Jan/2021";4809368,94;4809368,94
"Fev/2021";4744199,38;4744199,38
"Mar/2021";6058071,06;6058071,06
"Abr/2021";5463764,64;5463764,64
"Mai/2021";5568479,35;5568479,35
"Jun/2021";5599709,61;5599709,61
"Jul/2021";6262850,49;6262850,49
"Ago/2021";5967534,03;5967534,03
"Set/2021";6549493,61;6549493,61
"Out/2021";6784875,72;6784875,72
"Nov/2021";6923275,21;6923275,21
"Dez/2021";7838172,20;7838172,20
"Jan/2022";7448868,63;7448868,63
"Fev/2022";5580084,56;5580084,56
"Mar/2022";6263235,65;6263235,65
"Abr/2022";6498853,45;6498853,45
"Mai/2022";6837377,11;6837377,11
"Jun/2022";6491032,83;6491032,83
"Jul/2022";8266298,09;8266298,09
"Ago/2022";7586649,87;7586649,87
"Set/2022";7303687,16;7303687,16
"Out/2022";8238884,19;8238884,19
"Nov/2022";7658814,01;7658814,01
"Dez/2022";7604315,98;7604315,98
"Jan/2023";7826225,68;7826225,68
"Fev/2023";7062419,28;7062419,28
"Mar/2023";7868091,92;7868091,92
"Abr/2023";7268215,01;7268215,01
"Mai/2023";8533247,81;8533247,81
"Jun/2023";9014796,22;9014796,22
"Jul/2023";8207353,52;8207353,52
"Ago/2023";9403924,97;9403924,97
"Set/2023";7931200,78;7931200,78
"Out/2023";8096287,81;8096287,81
"Nov/2023";7904312,76;7904312,76
"Dez/2023";6782290,00;6782290,00
"Jan/2024";6771575,12;6771575,12
"Fev/2024";7151285,91;7151285,91
"Mar/2024";7906806,62;7906806,62
"Abr/2024";8496547,23;8496547,23
"Mai/2024";8868805,94;8868805,94
"Jun/2024";9544353,72;9544353,72
"Jul/2024";9038872,50;9038872,50
"Ago/2024";9783984,20;9783984,20
"Set/2024";8781459,17;8781459,17
"Out/2024";9164054,51;9164054,51
"Nov/2024";9161618,43;9161618,43
"Dez/2024";8636046,13;8636046,13
"Jan/2025";8187043,06;8187043,06
"Fev/2025";7504701,08;7504701,08
"Total";1257363999,44;1257363999,44
Fonte: Ministério da Saúde/DATASUS/Sistema de Informação Hospitalar – SIH
Nota:
 Dados preliminares sujeitos a atualizações.
 Informe do DATASUS de 23/12/2015: Comp. 11/2015 o CNES passou a trabalhar exclusivamente com a Natureza Jurídica proveniente de consumo das informações
 do CNPJ na R.F. do Brasil para identificar a constituição jurídico-administrativa dos estabelecimentos de saúde, abandonando os campos Tipo de Prestador,
 Esfera Adm., Natureza da Org.e Retenção de Tributos. (Port. Nº 1.319/SAS/MS/2014).
